Metric,Original_G,Post_Cascade,Pct_Change
Nodes,4064.0,90.0,-97.78543307086615
Edges,77672.0,93.0,-99.88026573282521
Avg Clustering,0.2820786603186684,0.11444444444444445,-59.428180665933795
Avg Indegree,19.11,1.03,-94.61015175300889
Avg Outdegree,19.11,1.03,-94.61015175300889
Avg Shortest Path,4.462308659931124,5.966666666666667,33.71254929637168
