Metric,G Network,H Network,Change
Avg Clustering,0.2820786603186684,0.28210327327776763,2.4612959099223897e-05
Avg Indegree,19.11,19.11,0.0
Avg Outdegree,19.11,19.11,0.0
Avg Shortest Path,4.462308659931124,4.486100097454177,0.023791437523052572
