Metric,G Network,H Network,Change
Avg Clustering,0.2820786603186684,0.28211839368397323,3.973336530482818e-05
Avg Indegree,19.11,19.08,-0.030000000000001137
Avg Outdegree,19.11,19.08,-0.030000000000001137
Avg Shortest Path,4.462308659931124,4.466083276596312,0.0037746166651881907
