id,Combined Centrality
1343,99.42175197
2229,97.79773622
1971,97.71161417
2037,97.05339567
834,96.93959154
2902,96.8011811
917,96.59510335
2125,96.51205709
1344,96.37979823
1509,96.26291831
