id,betweenness
2591,0.07290121
2979,0.03155778
2448,0.03074556
275,0.02979063
2477,0.02375968
1000,0.02137157
1934,0.02040521
2713,0.01833881
3595,0.01817575
1301,0.01807421
